{"cameraMode":{"drawMode":0,"name":"Shaded","section":"Shading Mode"},"sceneLighting":true,"audioPlay":false,"sceneViewState":{"showFog":true,"showMaterialUpdate":false,"showSkybox":true,"showFlares":true,"showImageEffects":true,"showParticleSystems":true},"in2DMode":false,"pivot":{"x":-1.137071132659912,"y":0.5456237196922302,"z":-4.033947467803955},"rotation":{"x":0.19699472188949586,"y":-0.01293114386498928,"z":0.00259846867993474,"w":0.9803158044815064},"size":18.728282928466798,"orthographic":false}