{"cameraMode":{"drawMode":0,"name":"Shaded","section":"Shading Mode"},"sceneLighting":false,"audioPlay":false,"sceneViewState":{"showFog":true,"showMaterialUpdate":false,"showSkybox":false,"showFlares":true,"showImageEffects":true,"showParticleSystems":true},"in2DMode":false,"pivot":{"x":0.36279377341270449,"y":-0.3307467997074127,"z":-2.8670456409454347},"rotation":{"x":-0.06927042454481125,"y":0.8620084524154663,"z":-0.12262730300426483,"w":-0.4869349002838135},"size":64.07544708251953,"orthographic":false}